path,type,size_bytes,modified_iso
"/Users/tje/projects/MapRates/maprates/assets",dir,,2025-08-30T17:38:11+0200
"/Users/tje/projects/MapRates/maprates/assets/dirlist_20250830-173811.csv",file,7526,2025-08-30T17:38:11+0200
"/Users/tje/projects/MapRates/maprates/assets/css",dir,,2025-08-19T16:23:52+0200
"/Users/tje/projects/MapRates/maprates/assets/css/styles.css",file,41854,2025-08-28T17:51:05+0200
"/Users/tje/projects/MapRates/maprates/assets/config",dir,,2025-08-19T16:23:52+0200
"/Users/tje/projects/MapRates/maprates/assets/config/constants.js",file,16971,2025-08-19T16:23:52+0200
"/Users/tje/projects/MapRates/maprates/assets/config/apiConfig.js",file,6605,2025-08-22T22:04:47+0200
"/Users/tje/projects/MapRates/maprates/assets/js",dir,,2025-08-22T20:10:36+0200
"/Users/tje/projects/MapRates/maprates/assets/js/sportsBootstrap.js",file,5001,2025-08-24T21:55:43+0200
"/Users/tje/projects/MapRates/maprates/assets/js/app.js",file,250015,2025-08-22T19:44:27+0200
"/Users/tje/projects/MapRates/maprates/assets/mylisting.csv",file,967,2025-08-30T17:38:11+0200
"/Users/tje/projects/MapRates/maprates/assets/dirlist_20250830-173811.txt",file,2922,2025-08-30T17:38:11+0200
"/Users/tje/projects/MapRates/maprates/assets/make_dirlist.sh",file,2178,2025-08-30T17:38:10+0200
"/Users/tje/projects/MapRates/maprates/assets/modules",dir,,2025-08-22T18:20:22+0200
"/Users/tje/projects/MapRates/maprates/assets/modules/visualization",dir,,2025-08-19T16:23:52+0200
"/Users/tje/projects/MapRates/maprates/assets/modules/visualization/chartManager.js",file,30522,2025-08-19T16:23:52+0200
"/Users/tje/projects/MapRates/maprates/assets/modules/visualization/overlayManager.js",file,5338,2025-08-19T16:23:52+0200
"/Users/tje/projects/MapRates/maprates/assets/modules/visualization/mapManager.js",file,76963,2025-08-19T16:23:52+0200
"/Users/tje/projects/MapRates/maprates/assets/modules/ui",dir,,2025-08-19T16:23:52+0200
"/Users/tje/projects/MapRates/maprates/assets/modules/ui/dataExportManager.js",file,18600,2025-08-19T16:23:52+0200
"/Users/tje/projects/MapRates/maprates/assets/modules/ui/chartTooltip.js",file,4191,2025-08-19T16:23:52+0200
"/Users/tje/projects/MapRates/maprates/assets/modules/ui/notificationManager.js",file,18798,2025-08-19T16:23:52+0200
"/Users/tje/projects/MapRates/maprates/assets/modules/ui/mapInteractionManager.js",file,10838,2025-08-19T16:23:52+0200
"/Users/tje/projects/MapRates/maprates/assets/modules/ui/uiManager.js",file,10455,2025-08-19T16:23:52+0200
"/Users/tje/projects/MapRates/maprates/assets/modules/ui/modalManager.js",file,23946,2025-08-19T16:23:52+0200
"/Users/tje/projects/MapRates/maprates/assets/modules/ui/chartUIManager.js",file,15421,2025-08-19T16:23:52+0200
"/Users/tje/projects/MapRates/maprates/assets/modules/ui/progressManager.js",file,6745,2025-08-19T16:23:52+0200
"/Users/tje/projects/MapRates/maprates/assets/modules/core",dir,,2025-08-19T16:23:52+0200
"/Users/tje/projects/MapRates/maprates/assets/modules/core/exchangeRateManager.js",file,3354,2025-08-19T16:23:52+0200
"/Users/tje/projects/MapRates/maprates/assets/modules/core/premiumFeaturesManager.js",file,15467,2025-08-19T16:23:52+0200
"/Users/tje/projects/MapRates/maprates/assets/modules/core/cacheManager.js",file,17562,2025-08-19T16:23:52+0200
"/Users/tje/projects/MapRates/maprates/assets/modules/core/stateManager.js",file,4719,2025-08-19T16:23:52+0200
"/Users/tje/projects/MapRates/maprates/assets/modules/core/apiConfigManager.js",file,14320,2025-08-19T16:23:52+0200
"/Users/tje/projects/MapRates/maprates/assets/modules/analysis",dir,,2025-08-19T16:23:52+0200
"/Users/tje/projects/MapRates/maprates/assets/modules/analysis/technicalIndicators.js",file,9561,2025-08-19T16:23:52+0200
"/Users/tje/projects/MapRates/maprates/assets/modules/analysis/aiPredictions.js",file,16377,2025-08-19T16:23:52+0200
"/Users/tje/projects/MapRates/maprates/assets/modules/intelligence",dir,,2025-08-19T16:23:52+0200
"/Users/tje/projects/MapRates/maprates/assets/modules/intelligence/conversionRates.js",file,652,2025-08-19T16:23:52+0200
"/Users/tje/projects/MapRates/maprates/assets/modules/sports",dir,,2025-08-28T19:30:49+0200
"/Users/tje/projects/MapRates/maprates/assets/modules/sports/sportsApp.js",file,69807,2025-08-30T13:31:10+0200
"/Users/tje/projects/MapRates/maprates/assets/modules/sports/football",dir,,2025-08-22T21:24:39+0200
"/Users/tje/projects/MapRates/maprates/assets/modules/sports/football/footballDataManager.js",file,50235,2025-08-28T17:07:21+0200
"/Users/tje/projects/MapRates/maprates/assets/modules/sports/countryMapManager.js",file,109136,2025-08-30T14:41:30+0200
"/Users/tje/projects/MapRates/maprates/assets/modules/sports/shared",dir,,2025-08-24T10:55:23+0200
"/Users/tje/projects/MapRates/maprates/assets/modules/sports/tabSwitcher.js",file,3574,2025-08-22T20:16:47+0200
"/Users/tje/projects/MapRates/maprates/assets/modules/sports/countryMapManager copy.js",file,99827,2025-08-28T19:26:29+0200
"/Users/tje/projects/MapRates/maprates/assets/modules/sports/data",dir,,2025-08-24T20:49:44+0200
"/Users/tje/projects/MapRates/maprates/assets/modules/sports/data/globalCityPinManager.js",file,23397,2025-08-24T20:49:59+0200
"/Users/tje/projects/MapRates/maprates/assets/modules/sports/data/wikidataService.js",file,11019,2025-08-24T11:49:11+0200
"/Users/tje/projects/MapRates/maprates/assets/modules/sports/data/openFootballService.js",file,17785,2025-08-24T11:50:33+0200
"/Users/tje/projects/MapRates/maprates/assets/modules/sports/data/updateScheduler.js",file,14299,2025-08-24T16:41:14+0200
"/Users/tje/projects/MapRates/maprates/assets/modules/sports/data/globalDataManager.js",file,33083,2025-08-24T16:32:45+0200
"/Users/tje/projects/MapRates/maprates/assets/modules/sports/data/cacheManager.js",file,7541,2025-08-24T11:46:23+0200
"/Users/tje/projects/MapRates/maprates/assets/modules/sports/data/globalFootballAtlas.js",file,17561,2025-08-24T20:17:35+0200
"/Users/tje/projects/MapRates/maprates/assets/modules/sports/data/dataTransformer.js",file,13469,2025-08-24T17:08:13+0200
"/Users/tje/projects/MapRates/maprates/assets/modules/data",dir,,2025-08-24T11:42:29+0200
"/Users/tje/projects/MapRates/maprates/assets/modules/data/countrySelectionManager.js",file,20729,2025-08-19T16:23:52+0200
"/Users/tje/projects/MapRates/maprates/assets/modules/data/historicalDataManager.js",file,22020,2025-08-19T16:23:52+0200
"/Users/tje/projects/MapRates/maprates/assets/data",dir,,2025-08-24T11:41:52+0200
"/Users/tje/projects/MapRates/maprates/assets/data/teams",dir,,2025-08-24T11:43:05+0200
"/Users/tje/projects/MapRates/maprates/assets/data/teams/cache",dir,,2025-08-24T11:42:49+0200
"/Users/tje/projects/MapRates/maprates/assets/data/teams/metadata",dir,,2025-08-24T11:43:00+0200
"/Users/tje/projects/MapRates/maprates/assets/data/countries",dir,,2025-08-24T11:41:51+0200
"/Users/tje/projects/MapRates/maprates/assets/data/countries/fifa-countries.json",file,26756,2025-08-28T17:04:32+0200
"/Users/tje/projects/MapRates/maprates/assets/mylisting.txt",file,2693,2025-08-30T17:38:11+0200
